{"loss": [0.8090644478797913, 0.36792346835136414, 0.2986743152141571, 0.2658544182777405, 0.2459714114665985, 0.2263123095035553, 0.2199087142944336, 0.20978158712387085, 0.19960395991802216, 0.19381634891033173], "accuracy": [0.7532151341438293, 0.8832732439041138, 0.9056389927864075, 0.9145432710647583, 0.9189903736114502, 0.9248497486114502, 0.9262720346450806, 0.9303886294364929, 0.9331830739974976, 0.9345452785491943], "val_loss": [0.2528155744075775, 0.2146635204553604, 0.19069798290729523, 0.1818326860666275, 0.17880988121032715, 0.16988761723041534, 0.1701781302690506, 0.16347767412662506, 0.1643190234899521, 0.1646421253681183], "val_accuracy": [0.9179887771606445, 0.9292467832565308, 0.9356169700622559, 0.9407051205635071, 0.9425080418586731, 0.9441506266593933, 0.9443509578704834, 0.9457532167434692, 0.9453926086425781, 0.9479567408561707]}