{"loss": [1.3772926330566406, 1.0859218835830688, 1.0512884855270386, 1.0342941284179688, 1.0234761238098145, 1.015560269355774, 1.0084952116012573, 1.003122091293335, 0.9979843497276306, 0.9937278628349304], "accuracy": [0.6237480044364929, 0.6948918104171753, 0.7056991457939148, 0.7116486430168152, 0.7158854007720947, 0.7190304398536682, 0.7206029891967773, 0.7217247486114502, 0.7242688536643982, 0.7239482998847961], "val_loss": [1.127286434173584, 1.0732355117797852, 1.0584765672683716, 1.0477015972137451, 1.0431416034698486, 1.0370115041732788, 1.033507227897644, 1.0303701162338257, 1.0307328701019287, 1.0281341075897217], "val_accuracy": [0.6839743852615356, 0.7014022469520569, 0.7043269276618958, 0.7129006385803223, 0.7127403616905212, 0.715705156326294, 0.7153445482254028, 0.7197115421295166, 0.7189503312110901, 0.7184295058250427]}