{"loss": [1.0776704549789429, 0.619063675403595, 0.49827438592910767, 0.4375225007534027, 0.3991272449493408, 0.370036244392395, 0.3489537239074707, 0.33150941133499146, 0.31651467084884644, 0.30460697412490845], "accuracy": [0.6886518597602844, 0.8149539232254028, 0.8484675288200378, 0.8642928600311279, 0.8763822317123413, 0.8846855163574219, 0.889142632484436, 0.8950220346450806, 0.8990885615348816, 0.9022135138511658], "val_loss": [0.7442029118537903, 0.5653132796287537, 0.49688825011253357, 0.4642985463142395, 0.43668869137763977, 0.41729825735092163, 0.4088153541088104, 0.3975759744644165, 0.39476796984672546, 0.37985551357269287], "val_accuracy": [0.784575343132019, 0.8362579941749573, 0.8486378192901611, 0.8596153855323792, 0.8672676086425781, 0.8717147707939148, 0.8754006624221802, 0.8776442408561707, 0.8766025900840759, 0.8839743733406067]}