{"loss": [1.1645116806030273, 0.6093147397041321, 0.49699416756629944, 0.4382038712501526, 0.3979659378528595, 0.3679359257221222, 0.3451331555843353, 0.32476791739463806, 0.31066611409187317, 0.2989857494831085], "accuracy": [0.6526342034339905, 0.8137519955635071, 0.8471454381942749, 0.8633913993835449, 0.8758714199066162, 0.8842347860336304, 0.8902644515037537, 0.8957832455635071, 0.9003305435180664, 0.9041767120361328], "val_loss": [0.7167779207229614, 0.5341806411743164, 0.47651055455207825, 0.4361347556114197, 0.3889462947845459, 0.3724374771118164, 0.3482619524002075, 0.33075961470603943, 0.31206196546554565, 0.3003239035606384], "val_accuracy": [0.7806891202926636, 0.8388221263885498, 0.8539263010025024, 0.8671073913574219, 0.8805689215660095, 0.8839343190193176, 0.8923878073692322, 0.8975961804389954, 0.901602566242218, 0.90625]}