{"loss": [1.1172032356262207, 0.4250943958759308, 0.3305768072605133, 0.29152581095695496, 0.2697521448135376, 0.24654144048690796, 0.23383791744709015, 0.22283583879470825, 0.21407318115234375, 0.2093578279018402], "accuracy": [0.6827624440193176, 0.8731771111488342, 0.8992087244987488, 0.9105368852615356, 0.9169671535491943, 0.9237880706787109, 0.9279747605323792, 0.9304487109184265, 0.9318409562110901, 0.9344250559806824], "val_loss": [0.3143024444580078, 0.24002130329608917, 0.2413524091243744, 0.20953576266765594, 0.1957467645406723, 0.1947549283504486, 0.1815698742866516, 0.18129631876945496, 0.1780957579612732, 0.18152543902397156], "val_accuracy": [0.8973958492279053, 0.9225561022758484, 0.9254006147384644, 0.9320513010025024, 0.9352163672447205, 0.9366987347602844, 0.9422275424003601, 0.9421073794364929, 0.9434695243835449, 0.9413061141967773]}