{"loss": [1.3001244068145752, 1.1066415309906006, 1.0848052501678467, 1.0730429887771606, 1.0650469064712524, 1.0589202642440796, 1.0539047718048096, 1.0489104986190796, 1.0459709167480469, 1.0422091484069824], "accuracy": [0.6545372605323792, 0.6980273723602295, 0.7043323516845703, 0.7071447968482971, 0.7095746994018555, 0.710995078086853, 0.711870014667511, 0.7132620215415955, 0.7138040065765381, 0.7147213816642761], "val_loss": [1.1261988878250122, 1.1010911464691162, 1.0864242315292358, 1.0790988206863403, 1.0739526748657227, 1.0709869861602783, 1.0680394172668457, 1.0725090503692627, 1.063768744468689, 1.0645267963409424], "val_accuracy": [0.6924057602882385, 0.6988807320594788, 0.7047747373580933, 0.7092519402503967, 0.7090110778808594, 0.7097336649894714, 0.7106545567512512, 0.7066591382026672, 0.712439775466919, 0.7120997309684753]}