{"loss": [0.9485967755317688, 0.5494344234466553, 0.5056700706481934, 0.4813365340232849, 0.46574994921684265, 0.456418514251709, 0.44658738374710083, 0.43851369619369507, 0.43397796154022217, 0.4284367263317108], "accuracy": [0.7286454439163208, 0.8202694058418274, 0.8306655287742615, 0.8380969166755676, 0.8408278822898865, 0.8444656133651733, 0.8461729288101196, 0.8478306531906128, 0.849591076374054, 0.8505013585090637], "val_loss": [0.4560772478580475, 0.42446672916412354, 0.4150649607181549, 0.4115840196609497, 0.3908460736274719, 0.39940059185028076, 0.38457974791526794, 0.38373902440071106, 0.38509300351142883, 0.3794296383857727], "val_accuracy": [0.8404363989830017, 0.8487673401832581, 0.8514735102653503, 0.8526211380958557, 0.8586568236351013, 0.8550013899803162, 0.8592377305030823, 0.8589260578155518, 0.8606829047203064, 0.8620288968086243]}