{"loss": [0.8306758999824524, 0.5338941812515259, 0.49304887652397156, 0.4699658751487732, 0.4546607732772827, 0.44361385703086853, 0.43458789587020874, 0.4250521659851074, 0.4202355146408081, 0.4154851734638214], "accuracy": [0.7487257122993469, 0.8210628628730774, 0.8322169780731201, 0.837055504322052, 0.8408668041229248, 0.8438103199005127, 0.8461020588874817, 0.8485851287841797, 0.8499913215637207, 0.8506289124488831], "val_loss": [0.42879703640937805, 0.40696287155151367, 0.3927822411060333, 0.38643208146095276, 0.383540540933609, 0.38273876905441284, 0.37413763999938965, 0.3759129047393799, 0.372847318649292, 0.36829861998558044], "val_accuracy": [0.8460895419120789, 0.8512893319129944, 0.8562765717506409, 0.856928288936615, 0.8592944145202637, 0.8597903251647949, 0.8623547554016113, 0.8632615208625793, 0.8625956177711487, 0.8653159737586975]}