{"loss": [0.9526410102844238, 0.6021010279655457, 0.5441007018089294, 0.514131486415863, 0.4932529330253601, 0.47950315475463867, 0.46794694662094116, 0.46016302704811096, 0.4541170001029968, 0.4479418396949768], "accuracy": [0.7212849259376526, 0.8056121468544006, 0.819408655166626, 0.8269321322441101, 0.8324401378631592, 0.8350365161895752, 0.8381535410881042, 0.8396164774894714, 0.8412954211235046, 0.8424359560012817], "val_loss": [0.6431575417518616, 0.5646367073059082, 0.5224600434303284, 0.5112161040306091, 0.4882095754146576, 0.48885440826416016, 0.4756312072277069, 0.4698234796524048, 0.4590286910533905, 0.4581190049648285], "val_accuracy": [0.7975630760192871, 0.8163502216339111, 0.8260838985443115, 0.8293001055717468, 0.8322895765304565, 0.8355057835578918, 0.836072564125061, 0.8399688005447388, 0.8412014842033386, 0.8427599668502808]}