{"loss": [1.0177136659622192, 0.6642736196517944, 0.5923198461532593, 0.5556303262710571, 0.5320667624473572, 0.5156735181808472, 0.5041649341583252, 0.4942655861377716, 0.48662325739860535, 0.47930341958999634], "accuracy": [0.7096526026725769, 0.7897859215736389, 0.8072414994239807, 0.8161109685897827, 0.8213533163070679, 0.8252177238464355, 0.8281293511390686, 0.8304211497306824, 0.8320611119270325, 0.8336692452430725], "val_loss": [0.7283772826194763, 0.6258366703987122, 0.5883327722549438, 0.5658149719238281, 0.5482638478279114, 0.5356516242027283, 0.5344792008399963, 0.5310859084129333, 0.5289656519889832, 0.5208624601364136], "val_accuracy": [0.7779682874679565, 0.8002125024795532, 0.8089118599891663, 0.8139415979385376, 0.8196939826011658, 0.8217483758926392, 0.8228110074996948, 0.8248229026794434, 0.8220459222793579, 0.8253188133239746]}