{"loss": [0.3824179768562317, 0.10048219561576843, 0.0718202069401741, 0.05943777784705162, 0.04958989843726158, 0.046698253601789474, 0.03721340373158455, 0.038136906921863556, 0.03524527698755264, 0.03213515132665634], "accuracy": [0.8895999789237976, 0.9732999801635742, 0.9805999994277954, 0.9843166470527649, 0.9869666695594788, 0.9872000217437744, 0.9897000193595886, 0.9895166754722595, 0.9903333187103271, 0.9911666512489319], "val_loss": [0.1097104623913765, 0.04079584777355194, 0.041383080184459686, 0.02827833592891693, 0.021209560334682465, 0.02379513718187809, 0.030863501131534576, 0.021591925993561745, 0.04157688468694687, 0.024413451552391052], "val_accuracy": [0.968500018119812, 0.987500011920929, 0.9871000051498413, 0.9914000034332275, 0.9926000237464905, 0.9926999807357788, 0.9912999868392944, 0.9934999942779541, 0.9898999929428101, 0.9927999973297119]}