{"loss": [0.3840908110141754, 0.18743233382701874, 0.13376827538013458, 0.1042577475309372, 0.08415128290653229, 0.07107475399971008, 0.06092001870274544, 0.052983641624450684, 0.04653787612915039, 0.03966870158910751], "accuracy": [0.8905666470527649, 0.9449666738510132, 0.960016667842865, 0.9690499901771545, 0.9752500057220459, 0.9782500267028809, 0.9812833070755005, 0.9831833243370056, 0.9854333400726318, 0.9875166416168213], "val_loss": [0.2162991166114807, 0.16014902293682098, 0.12403422594070435, 0.10864003747701645, 0.1025237888097763, 0.08779944479465485, 0.08898665010929108, 0.08824526518583298, 0.07943946868181229, 0.08133438974618912], "val_accuracy": [0.9370999932289124, 0.9506999850273132, 0.9623000025749207, 0.9664000272750854, 0.9692999720573425, 0.9740999937057495, 0.9722999930381775, 0.9735000133514404, 0.9768000245094299, 0.9764999747276306]}