{"loss": [0.49688267707824707, 0.12739630043506622, 0.09919735044240952, 0.0827133059501648, 0.07478903234004974, 0.06689654290676117, 0.060364995151758194, 0.05621097981929779, 0.05057724565267563, 0.04727550595998764], "accuracy": [0.8374333381652832, 0.9606666564941406, 0.968916654586792, 0.9742666482925415, 0.9768999814987183, 0.9792333245277405, 0.9816166758537292, 0.982616662979126, 0.9845499992370605, 0.9853166937828064], "val_loss": [0.13677524030208588, 0.08954498916864395, 0.07622189074754715, 0.06603007018566132, 0.057403191924095154, 0.05635146424174309, 0.053431712090969086, 0.051607850939035416, 0.05644453689455986, 0.046286441385746], "val_accuracy": [0.9588000178337097, 0.972599983215332, 0.9758999943733215, 0.9787999987602234, 0.9815999865531921, 0.9828000068664551, 0.9825999736785889, 0.9830999970436096, 0.9812999963760376, 0.983299970626831]}