{"loss": [0.6842779517173767, 0.362837553024292, 0.32009822130203247, 0.3001364767551422, 0.28806760907173157, 0.2797212302684784, 0.27416256070137024, 0.26930737495422363, 0.26547569036483765, 0.2627616822719574], "accuracy": [0.8291833400726318, 0.9019166827201843, 0.9110166430473328, 0.9169666767120361, 0.9198499917984009, 0.9218666553497314, 0.9232833385467529, 0.9243333339691162, 0.9260166883468628, 0.9267333149909973], "val_loss": [0.38609907031059265, 0.3207370936870575, 0.2972552180290222, 0.2866617441177368, 0.2789643406867981, 0.2744129002094269, 0.27181094884872437, 0.27024152874946594, 0.26883363723754883, 0.26609015464782715], "val_accuracy": [0.9004999995231628, 0.9103999733924866, 0.9168000221252441, 0.9193999767303467, 0.9225999712944031, 0.9236999750137329, 0.9235000014305115, 0.9251999855041504, 0.925000011920929, 0.9271000027656555]}