{"loss": [0.24880945682525635, 0.07719379663467407, 0.054524604231119156, 0.045221008360385895, 0.04009123891592026, 0.03577743470668793, 0.032692719250917435, 0.030024973675608635, 0.029866285622119904, 0.02846558392047882], "accuracy": [0.922249972820282, 0.9768000245094299, 0.9842166900634766, 0.9867833256721497, 0.9884999990463257, 0.9895166754722595, 0.9903500080108643, 0.9913333058357239, 0.9912166595458984, 0.9919333457946777], "val_loss": [0.05443940311670303, 0.02947131358087063, 0.024378176778554916, 0.017901727929711342, 0.01972273737192154, 0.021497435867786407, 0.017049776390194893, 0.021419689059257507, 0.019892536103725433, 0.018987955525517464], "val_accuracy": [0.9837999939918518, 0.9890999794006348, 0.9918000102043152, 0.9943000078201294, 0.9927999973297119, 0.9929999709129333, 0.9948999881744385, 0.9943000078201294, 0.9941999912261963, 0.9941999912261963]}